{
  "project_info": {
    "project_number": "721291047870",
    "firebase_url": "https://classmateproject-ba9c8.firebaseio.com",
    "project_id": "classmateproject-ba9c8",
    "storage_bucket": "classmateproject-ba9c8.appspot.com"
  },
  "client": [
    {
      "client_info": {
        "mobilesdk_app_id": "1:721291047870:android:161e856e97307283",
        "android_client_info": {
          "package_name": "kku.en.coe.extraproject"
        }
      },
      "oauth_client": [
        {
          "client_id": "721291047870-e233bhq4opdecss2qrmjf3rvha2m1b5c.apps.googleusercontent.com",
          "client_type": 1,
          "android_info": {
            "package_name": "kku.en.coe.extraproject",
            "certificate_hash": "87c6bd29cb3228a9fd6e279edd5862c1a48ed189"
          }
        },
        {
          "client_id": "721291047870-ddqf64tbk08j848b8j68qqqmii7hts2c.apps.googleusercontent.com",
          "client_type": 3
        }
      ],
      "api_key": [
        {
          "current_key": "AIzaSyDWUTTX4wpbrDufXbkv8rhvgU_egSSwaz0"
        }
      ],
      "services": {
        "appinvite_service": {
          "other_platform_oauth_client": [
            {
              "client_id": "721291047870-ddqf64tbk08j848b8j68qqqmii7hts2c.apps.googleusercontent.com",
              "client_type": 3
            }
          ]
        }
      }
    },
    {
      "client_info": {
        "mobilesdk_app_id": "1:721291047870:android:e7ef6645ec9b7903",
        "android_client_info": {
          "package_name": "kku.en.coe.testfacebooklogin"
        }
      },
      "oauth_client": [
        {
          "client_id": "721291047870-qb01tabsvlkjgfhfo6mt8aisok7kbg80.apps.googleusercontent.com",
          "client_type": 1,
          "android_info": {
            "package_name": "kku.en.coe.testfacebooklogin",
            "certificate_hash": "87c6bd29cb3228a9fd6e279edd5862c1a48ed189"
          }
        },
        {
          "client_id": "721291047870-ddqf64tbk08j848b8j68qqqmii7hts2c.apps.googleusercontent.com",
          "client_type": 3
        }
      ],
      "api_key": [
        {
          "current_key": "AIzaSyDWUTTX4wpbrDufXbkv8rhvgU_egSSwaz0"
        }
      ],
      "services": {
        "appinvite_service": {
          "other_platform_oauth_client": [
            {
              "client_id": "721291047870-ddqf64tbk08j848b8j68qqqmii7hts2c.apps.googleusercontent.com",
              "client_type": 3
            }
          ]
        }
      }
    }
  ],
  "configuration_version": "1"
}